Datetime,Water Level (m)
2025-09-26 00:00:00,0.05639674
2025-09-26 01:00:00,-0.6851233
2025-09-26 02:00:00,-1.2479604
2025-09-26 03:00:00,-1.4398162
2025-09-26 04:00:00,-0.9624265
2025-09-26 05:00:00,0.010454099
2025-09-26 06:00:00,0.9716611
2025-09-26 07:00:00,1.7221363
2025-09-26 08:00:00,2.1066232
2025-09-26 09:00:00,2.1108139
2025-09-26 10:00:00,1.7094443
2025-09-26 11:00:00,0.96216464
2025-09-26 12:00:00,0.1307998
2025-09-26 13:00:00,-0.63115424
2025-09-26 14:00:00,-1.201938
2025-09-26 15:00:00,-1.3977736
2025-09-26 16:00:00,-0.9355869
2025-09-26 17:00:00,0.019632934
2025-09-26 18:00:00,0.9780593
2025-09-26 19:00:00,1.7503167
2025-09-26 20:00:00,2.196269
2025-09-26 21:00:00,2.2857726
2025-09-26 22:00:00,1.97146
2025-09-26 23:00:00,1.2803562
2025-09-27 00:00:00,0.45564777
2025-09-27 01:00:00,-0.33355144
2025-09-27 02:00:00,-0.9693799
2025-09-27 03:00:00,-1.3298361
2025-09-27 04:00:00,-1.2020004
2025-09-27 05:00:00,-0.49578992
2025-09-27 06:00:00,0.37558118
2025-09-27 07:00:00,1.1580448
2025-09-27 08:00:00,1.6502632
2025-09-27 09:00:00,1.8106323
2025-09-27 10:00:00,1.6259826
2025-09-27 11:00:00,1.071001
2025-09-27 12:00:00,0.35061577
2025-09-27 13:00:00,-0.37792563
2025-09-27 14:00:00,-0.9843016
2025-09-27 15:00:00,-1.3369191
2025-09-27 16:00:00,-1.2476649
2025-09-27 17:00:00,-0.58283645
2025-09-27 18:00:00,0.30692872
2025-09-27 19:00:00,1.162349
2025-09-27 20:00:00,1.773828
2025-09-27 21:00:00,2.064148
2025-09-27 22:00:00,1.9771669
2025-09-27 23:00:00,1.4960511
2025-09-28 00:00:00,0.800449
2025-09-28 01:00:00,0.07015677
2025-09-28 02:00:00,-0.5730863
2025-09-28 03:00:00,-1.030596
2025-09-28 04:00:00,-1.1744086
2025-09-28 05:00:00,-0.87531304
2025-09-28 06:00:00,-0.2224146
2025-09-28 07:00:00,0.49382147
2025-09-28 08:00:00,1.0744045
2025-09-28 09:00:00,1.4132864
2025-09-28 10:00:00,1.4759622
2025-09-28 11:00:00,1.232185
2025-09-28 12:00:00,0.69244385
2025-09-28 13:00:00,0.05767912
2025-09-28 14:00:00,-0.53376514
2025-09-28 15:00:00,-0.9803
2025-09-28 16:00:00,-1.1456709
2025-09-28 17:00:00,-0.89433265
2025-09-28 18:00:00,-0.24084495
2025-09-28 19:00:00,0.50445056
2025-09-28 20:00:00,1.1505398
2025-09-28 21:00:00,1.5748761
2025-09-28 22:00:00,1.7584496
2025-09-28 23:00:00,1.6497068
2025-09-29 00:00:00,1.2143978
2025-09-29 01:00:00,0.614921
2025-09-29 02:00:00,0.004181197
2025-09-29 03:00:00,-0.50230116
2025-09-29 04:00:00,-0.82913584
2025-09-29 05:00:00,-0.88533175
2025-09-29 06:00:00,-0.6049167
2025-09-29 07:00:00,-0.0821323
2025-09-29 08:00:00,0.46194032
2025-09-29 09:00:00,0.88076323
2025-09-29 10:00:00,1.1247797
2025-09-29 11:00:00,1.1735986
2025-09-29 12:00:00,0.97816557
2025-09-29 13:00:00,0.5656852
2025-09-29 14:00:00,0.073553346
2025-09-29 15:00:00,-0.37762237
2025-09-29 16:00:00,-0.69690603
2025-09-29 17:00:00,-0.7910411
2025-09-29 18:00:00,-0.5659597
2025-09-29 19:00:00,-0.06416282
2025-09-29 20:00:00,0.49531895
2025-09-29 21:00:00,0.97827804
2025-09-29 22:00:00,1.3268557
2025-09-29 23:00:00,1.4983654
2025-09-30 00:00:00,1.4234214
2025-09-30 01:00:00,1.0968597
2025-09-30 02:00:00,0.6425913
2025-09-30 03:00:00,0.16897935
2025-09-30 04:00:00,-0.24345416
2025-09-30 05:00:00,-0.54106313
2025-09-30 06:00:00,-0.6577188
2025-09-30 07:00:00,-0.5332742
2025-09-30 08:00:00,-0.18876077
2025-09-30 09:00:00,0.22392918
2025-09-30 10:00:00,0.59494525
2025-09-30 11:00:00,0.8567458
2025-09-30 12:00:00,0.97932595
2025-09-30 13:00:00,0.92325884
2025-09-30 14:00:00,0.6888087
2025-09-30 15:00:00,0.34778965
2025-09-30 16:00:00,-0.02567195
2025-09-30 17:00:00,-0.33427203
2025-09-30 18:00:00,-0.49505535
2025-09-30 19:00:00,-0.4427433
2025-09-30 20:00:00,-0.16558518
2025-09-30 21:00:00,0.24404436
2025-09-30 22:00:00,0.6755166
2025-09-30 23:00:00,1.0670328
2025-10-01 00:00:00,1.340074
2025-10-01 01:00:00,1.4248497
2025-10-01 02:00:00,1.2964228
2025-10-01 03:00:00,0.9946609
2025-10-01 04:00:00,0.584918
2025-10-01 05:00:00,0.14041892
2025-10-01 06:00:00,-0.26572958
2025-10-01 07:00:00,-0.54763645
2025-10-01 08:00:00,-0.6440804
2025-10-01 09:00:00,-0.5193525
2025-10-01 10:00:00,-0.19188498
2025-10-01 11:00:00,0.24609208
2025-10-01 12:00:00,0.65775275
2025-10-01 13:00:00,0.9403951
2025-10-01 14:00:00,1.068706
2025-10-01 15:00:00,1.0345919
2025-10-01 16:00:00,0.82410675
2025-10-01 17:00:00,0.46733433
2025-10-01 18:00:00,0.050978243
2025-10-01 19:00:00,-0.30912304
2025-10-01 20:00:00,-0.48667407
2025-10-01 21:00:00,-0.42977303
2025-10-01 22:00:00,-0.1147595
2025-10-01 23:00:00,0.38274676
2025-10-02 00:00:00,0.9176059
